synthetic_participant_id,group,pretest_score,posttest_score,score_gain,questions_raised_count,active_literature_searches_count,ai_new_clues_agreement_1_to_5,continued_use_intention_1_to_5,learning_engagement_1_to_5
SIM-001,Experimental,72.3,93.3,21.0,6,5,5,5,5
SIM-002,Experimental,69.5,83.0,13.5,5,3,4,4,4
SIM-003,Experimental,65.3,88.5,23.2,4,5,5,5,3
SIM-004,Experimental,75.2,86.8,11.6,5,4,4,4,4
SIM-005,Experimental,68.2,88.8,20.6,5,3,5,3,4
SIM-006,Experimental,65.6,73.7,8.1,5,4,5,5,4
SIM-007,Experimental,53.3,82.4,29.1,5,4,3,5,5
SIM-008,Experimental,71.7,87.0,15.3,9,6,5,5,5
SIM-009,Experimental,62.3,82.4,20.1,5,4,4,5,4
SIM-010,Experimental,64.6,82.2,17.6,6,4,5,5,5
SIM-011,Experimental,75.2,90.9,15.7,7,6,5,5,5
SIM-012,Experimental,66.9,94.3,27.4,8,3,5,5,4
SIM-013,Experimental,73.7,88.0,14.3,6,2,3,5,4
SIM-014,Experimental,74.5,85.6,11.1,7,5,4,4,4
SIM-015,Experimental,70.1,83.1,13.0,6,5,4,5,5
SIM-016,Experimental,63.8,83.6,19.8,6,5,4,5,5
SIM-017,Experimental,69.0,81.0,12.0,5,4,3,4,3
SIM-018,Experimental,60.8,82.5,21.7,6,4,4,5,5
SIM-019,Experimental,70.7,82.1,11.4,7,5,3,4,5
SIM-020,Experimental,57.1,76.9,19.8,4,3,4,3,3
SIM-021,Experimental,77.5,97.3,19.8,5,4,4,4,5
SIM-022,Experimental,71.4,93.8,22.4,6,3,4,3,5
SIM-023,Experimental,69.8,86.8,17.0,7,5,4,5,5
SIM-024,Experimental,61.5,84.9,23.4,6,4,4,4,4
SIM-025,Experimental,69.2,76.5,7.3,4,5,5,4,4
SIM-026,Experimental,63.0,85.8,22.8,6,5,5,5,5
SIM-027,Experimental,66.6,86.5,19.9,4,3,3,5,4
SIM-028,Experimental,77.1,98.3,21.2,5,4,5,4,5
SIM-029,Experimental,74.0,91.4,17.4,6,3,4,4,5
SIM-030,Experimental,65.4,84.9,19.5,5,5,5,3,5
SIM-031,Experimental,77.9,93.1,15.2,7,4,5,5,5
SIM-032,Experimental,66.6,90.9,24.3,8,4,5,5,5
SIM-033,Experimental,65.5,80.2,14.7,6,4,5,5,5
SIM-034,Experimental,64.2,92.4,28.2,6,5,4,4,5
SIM-035,Experimental,67.7,81.7,14.0,6,5,5,5,5
SIM-036,Experimental,70.1,89.8,19.7,4,5,5,5,4
SIM-037,Experimental,71.1,85.2,14.1,5,4,4,4,4
SIM-038,Experimental,67.0,87.6,20.6,5,3,3,4,4
SIM-039,Control,68.4,71.4,3.0,0,1,2,2,3
SIM-040,Control,68.1,66.2,-1.9,1,1,2,3,2
SIM-041,Control,59.6,70.1,10.5,2,2,2,3,3
SIM-042,Control,61.9,67.8,5.9,2,1,2,3,3
SIM-043,Control,60.8,70.5,9.7,4,3,4,4,4
SIM-044,Control,66.3,76.8,10.5,2,2,2,2,3
SIM-045,Control,67.8,81.3,13.5,3,1,4,3,3
SIM-046,Control,67.7,74.4,6.7,3,2,4,4,3
SIM-047,Control,70.1,87.5,17.4,3,3,3,2,3
SIM-048,Control,58.9,75.4,16.5,4,2,2,3,4
SIM-049,Control,66.9,78.7,11.8,2,1,2,3,3
SIM-050,Control,72.8,85.5,12.7,2,1,2,2,3
SIM-051,Control,68.6,84.5,15.9,3,2,4,3,4
SIM-052,Control,79.0,85.2,6.2,2,3,3,4,3
SIM-053,Control,68.6,75.9,7.3,2,2,2,2,4
SIM-054,Control,68.7,77.4,8.7,0,0,2,3,4
SIM-055,Control,67.9,77.7,9.8,1,1,2,2,3
SIM-056,Control,69.1,76.2,7.1,4,3,3,4,4
SIM-057,Control,74.0,83.1,9.1,1,3,4,3,3
SIM-058,Control,60.9,69.9,9.0,3,3,3,3,3
SIM-059,Control,55.3,72.3,17.0,4,4,3,4,2
SIM-060,Control,66.8,75.0,8.2,1,2,3,4,3
SIM-061,Control,73.8,77.6,3.8,2,2,2,3,2
SIM-062,Control,76.9,73.2,-3.7,3,3,3,3,4
SIM-063,Control,59.6,62.5,2.9,2,0,2,3,3
SIM-064,Control,68.3,65.8,-2.5,1,1,2,3,4
SIM-065,Control,71.0,83.0,12.0,5,2,2,4,3
SIM-066,Control,72.8,81.4,8.6,3,1,3,4,4
SIM-067,Control,64.9,74.3,9.4,0,2,3,4,3
SIM-068,Control,68.0,74.8,6.8,2,1,3,3,3
SIM-069,Control,66.1,68.2,2.1,3,3,2,3,3
SIM-070,Control,73.8,78.1,4.3,2,2,3,3,3
SIM-071,Control,73.7,86.6,12.9,3,2,3,3,4
SIM-072,Control,71.5,77.6,6.1,3,2,2,4,3
SIM-073,Control,66.3,71.1,4.8,3,1,3,3,3
SIM-074,Control,69.5,71.8,2.3,2,1,2,2,2
